{
    "Theta1": [
        [
            0.9469188149561016,
            0.007071666421778081,
            -0.010675187373764152,
            0.019049570301880377
        ],
        [
            0.8746734251590736,
            0.007105375697203313,
            -0.010871588669639722,
            0.019192073604054057
        ],
        [
            0.931998467665052,
            0.0069562774242807055,
            -0.010604811925018982,
            0.018778369454493304
        ],
        [
            0.8856156849606786,
            0.0071143353050735205,
            -0.010822242671514114,
            0.019222874038712017
        ],
        [
            0.8877901525433776,
            0.007067687285733651,
            -0.010746369054637508,
            0.019132408794424106
        ]
    ],
    "Theta2": [
        [
            0.6869121326610355,
            0.2952074438689622,
            0.29051537121297466,
            0.28798283173725575,
            0.2921015863394873,
            0.2932854224821375
        ],
        [
            0.6387764842629108,
            0.3049039558379297,
            0.30548811393458697,
            0.30244316664059967,
            0.30432354922365107,
            0.30847957110077806
        ],
        [
            0.6881043227593906,
            0.30579363091982487,
            0.29723701716910966,
            0.305595140912011,
            0.30485740111885395,
            0.2986758136241199
        ],
        [
            0.6092022254390902,
            0.2974210606780067,
            0.2931887248194142,
            0.29194728051177604,
            0.2932295829921845,
            0.2921565390705131
        ],
        [
            0.6647613712075503,
            0.31696059123746667,
            0.30780032867031154,
            0.3144443302535301,
            0.30632012152207144,
            0.3033617385013727
        ],
        [
            0.6736317587017469,
            0.29904223531206936,
            0.2891816663367995,
            0.29008222219316393,
            0.2939742256781467,
            0.2897620657184518
        ],
        [
            0.6330319025898234,
            0.32479963792514327,
            0.31318251475443537,
            0.3172351122998536,
            0.31902064503996913,
            0.3145752800782246
        ]
    ],
    "Theta3": [
        [
            -0.2612114244427621,
            -0.307521070463902,
            -0.31881129170541056,
            -0.313014656306261,
            -0.24801876209400164,
            -0.32073064566410786,
            -0.24846960011053817,
            -0.3272286649418564
        ],
        [
            0.07404773335292358,
            0.000855635137423883,
            0.000860508540214111,
            0.0008553850617960074,
            0.0008644448641891569,
            0.000851457829707446,
            0.0008573767169317205,
            0.0008599176090044191
        ],
        [
            -0.2839080782950806,
            -0.32612676190998585,
            -0.30738250001958217,
            -0.32531895198649446,
            -0.322761333088072,
            -0.28996102964671744,
            -0.30930420360795985,
            -0.3265241125524833
        ],
        [
            -0.36729037162288536,
            -0.3881141654706388,
            -0.4250933627182976,
            -0.4333802818013049,
            -0.39337953499436373,
            -0.47395598660015753,
            -0.43735902618148353,
            -0.4605409486104011
        ],
        [
            -0.2241737596093943,
            -0.1825013539903654,
            -0.17710154115355575,
            -0.19690535022537364,
            -0.17943397511518647,
            -0.17770332189142043,
            -0.19809031544343966,
            -0.17424074208238674
        ],
        [
            -0.36547995934842825,
            -0.4358602489651073,
            -0.4321486170211361,
            -0.4063961088824342,
            -0.37314655619210063,
            -0.4520264991166693,
            -0.40377297678552804,
            -0.4349116024424344
        ],
        [
            -0.37950106210309265,
            -0.4564453581135616,
            -0.4575885899545981,
            -0.4269037718997747,
            -0.45477903377170303,
            -0.46674160408542353,
            -0.41715262057336877,
            -0.49792015443810994
        ],
        [
            -0.4126764934251892,
            -0.4170304024561626,
            -0.45786941896990124,
            -0.4803968971001604,
            -0.42056150182395474,
            -0.44747920126924834,
            -0.445575165136461,
            -0.43513403166318143
        ],
        [
            -0.34732340153758057,
            -0.3925035208896947,
            -0.39470563389233854,
            -0.4341816869221362,
            -0.4204247813268219,
            -0.40997769269368683,
            -0.41009856606239276,
            -0.4411761944994473
        ]
    ]
}